Moon	Admission	Season
Before	6.4	Summer
Before	NA	Fall
Before	6.5	Fall
Before	8.6	Fall
Before	NA	Winter
Before	10.4	Winter
Before	11.5	Winter
Before	13.8	Spring
Before	15.4	Spring
Before	15.7	Spring
Before	11.7	Summer
Before	15.8	Summer
During	5	Summer
During	13	Fall
During	14	Fall
During	12	Fall
During	6	Winter
During	9	Winter
During	13	Winter
During	16	Spring
During	25	Spring
During	14	Spring
During	14	Summer
During	20	Summer
After	5.8	Summer
After	9.2	Fall
After	7.9	Fall
After	7.7	Fall
After	11	Winter
After	12.9	Winter
After	13.5	Winter
After	13.1	Spring
After	15.8	Spring
After	13.3	Spring
After	12.8	Summer
After	14.5	Summer
